row,column,red,nir,manual_ndvi,pipeline_ndvi,absolute_difference
0,0,0.07359998673200607,0.10039999336004257,0.15402304422022856,0.15402305126190186,7.041673300012263e-09
50,50,0.08209999650716782,0.1908000111579895,0.39831444337735,0.3983144462108612,2.8335112034483245e-09
100,200,0.09380000084638596,0.1477999985218048,0.22350992473772552,0.22350992262363434,2.114091179894473e-09
150,350,0.10099998861551285,0.16749998927116394,0.24767227609872694,0.24767228960990906,1.3511182117564857e-08
200,250,0.05559999495744705,0.14399999380111694,0.442885790693097,0.4428858160972595,2.5404162495856752e-08
250,300,0.026000000536441803,0.29010000824928284,0.8354950976665966,0.835495114326477,1.66598804751672e-08
300,150,0.05639999359846115,0.361299991607666,0.7299497457696639,0.7299497127532959,3.301636797292673e-08
350,400,0.1387999951839447,0.16819998621940613,0.09576544891328301,0.09576544910669327,1.9341026002983597e-10
450,100,0.1753999888896942,0.23319998383522034,0.14145863632849368,0.1414586305618286,5.766665062134635e-09
511,511,0.09359999746084213,0.12680000066757202,0.1506352245401844,0.15063521265983582,1.1880348593784618e-08
