repetition,server_reported_seconds,client_submit_poll_seconds
1,0.209,0.2239250440034084
2,0.059,0.06754009699943708
3,0.054,0.06600745199830271
4,0.046,0.057455472997389734
5,0.045,0.056527499997173436
6,0.048,0.05785545999970054
7,0.047,0.05702235799981281
8,0.044,0.056573690999357495
9,0.046,0.057846833999064984
10,0.051,0.062344998001208296
11,0.05,0.05900682599894935
12,0.052,0.06349487299667089
13,0.049,0.06269098999837297
14,0.051,0.06251621399860596
15,0.055,0.06998101999852224
16,0.052,0.0662722940032836
17,0.047,0.05860123599995859
18,0.049,0.059586679002677556
19,0.045,0.055463905999204144
20,0.043,0.05671954699937487
