step,loss,tokens,peak_allocated_GiB
1,0.8484005928039551,118,4.402054786682129
2,0.690411388874054,121,4.421111106872559
3,1.030588984489441,121,4.421111106872559
4,1.670832633972168,120,4.421111106872559
5,0.7156479954719543,125,4.430527687072754
6,0.9876231551170349,121,4.430527687072754
7,1.3928714990615845,119,4.430527687072754
8,1.478322982788086,120,4.430527687072754
9,1.23308527469635,121,4.430527687072754
10,3.058655023574829,120,4.430527687072754
11,0.7657616138458252,120,4.430527687072754
12,0.5831257104873657,121,4.430527687072754
13,0.6570504903793335,122,4.430527687072754
14,0.4100172519683838,121,4.430527687072754
15,1.0313103199005127,117,4.430527687072754
16,1.4575090408325195,119,4.430527687072754
17,0.7033444046974182,120,4.430527687072754
18,0.20549660921096802,118,4.430527687072754
19,0.26659414172172546,126,4.4328813552856445
20,0.25742390751838684,121,4.4328813552856445
21,0.8093214631080627,122,4.4328813552856445
22,0.0637178048491478,118,4.4328813552856445
23,0.13578251004219055,121,4.4328813552856445
24,0.33525335788726807,119,4.4328813552856445
25,2.1769280433654785,120,4.4328813552856445
26,0.3411995470523834,125,4.4328813552856445
27,0.13124997913837433,119,4.4328813552856445
28,0.04323649778962135,121,4.4328813552856445
29,0.16233685612678528,129,4.439947128295898
30,0.024738634005188942,121,4.439947128295898
31,1.489519476890564,120,4.439947128295898
32,0.1952482908964157,123,4.439947128295898
33,0.4221097528934479,120,4.439947128295898
34,0.06830956786870956,119,4.439947128295898
35,0.14597560465335846,126,4.439947128295898
36,0.1610652357339859,124,4.439947128295898
37,0.129787877202034,118,4.439947128295898
38,0.6024595499038696,121,4.439947128295898
39,0.11815652251243591,126,4.439947128295898
40,0.1764635592699051,127,4.439947128295898
41,0.11738548427820206,120,4.439947128295898
42,0.19364295899868011,121,4.439947128295898
43,0.0089585455134511,122,4.439947128295898
44,0.05402553454041481,120,4.439947128295898
45,0.30026310682296753,118,4.439947128295898
46,0.6372311115264893,119,4.439947128295898
47,0.04870500788092613,124,4.439947128295898
48,0.3799605369567871,125,4.439947128295898
49,0.21187178790569305,119,4.439947128295898
50,0.25371643900871277,117,4.439947128295898
51,0.19301408529281616,122,4.439947128295898
52,0.7465624213218689,118,4.439947128295898
53,0.06194634363055229,134,4.451717376708984
54,0.003021569922566414,121,4.451717376708984
55,0.07640692591667175,125,4.451717376708984
56,0.1754807084798813,119,4.451717376708984
57,0.018862774595618248,120,4.451717376708984
58,0.03377135470509529,121,4.451717376708984
59,0.3002159893512726,121,4.451717376708984
60,0.02098158560693264,119,4.451717376708984
61,0.094558484852314,125,4.451717376708984
62,0.008096722885966301,123,4.451717376708984
63,0.9380055069923401,122,4.451717376708984
64,0.10644423961639404,120,4.451717376708984
65,0.6731393933296204,118,4.451717376708984
66,0.7841451168060303,121,4.451717376708984
67,0.09490835666656494,130,4.451717376708984
68,0.17561571300029755,120,4.451717376708984
69,0.018738610669970512,121,4.451717376708984
70,0.13040794432163239,121,4.451717376708984
71,1.3397475481033325,117,4.451717376708984
72,0.23188960552215576,118,4.451717376708984
73,0.003872932866215706,119,4.451717376708984
74,0.7096912860870361,119,4.451717376708984
75,0.019865863025188446,121,4.451717376708984
76,0.17509587109088898,118,4.451717376708984
77,0.8602828979492188,118,4.451717376708984
78,0.0851791501045227,123,4.451717376708984
79,0.043517500162124634,126,4.451717376708984
80,0.005565578583627939,119,4.451717376708984
81,0.4390288293361664,120,4.451717376708984
82,0.00810327660292387,121,4.451717376708984
83,0.14366380870342255,118,4.451717376708984
84,0.5676559805870056,121,4.451717376708984
85,0.6734118461608887,122,4.451717376708984
86,0.030498096719384193,126,4.451717376708984
87,0.0383724682033062,127,4.451717376708984
88,0.7093690037727356,120,4.451717376708984
89,0.019143465906381607,125,4.451717376708984
90,0.0050490060821175575,121,4.451717376708984
91,0.05326084420084953,120,4.451717376708984
92,0.03445891663432121,125,4.451717376708984
93,0.00808813888579607,122,4.451717376708984
94,0.0026854954194277525,120,4.451717376708984
95,0.034162748605012894,120,4.451717376708984
96,1.3424478769302368,120,4.451717376708984
97,0.05449860170483589,121,4.451717376708984
98,0.043538641184568405,125,4.451717376708984
99,0.005487998016178608,121,4.451717376708984
100,0.016639500856399536,118,4.451717376708984
101,0.015011493116617203,126,4.451717376708984
102,0.276149183511734,117,4.451717376708984
103,0.2323460578918457,121,4.451717376708984
104,0.5012312531471252,118,4.451717376708984
105,0.027173517271876335,126,4.451717376708984
106,0.04297212138772011,120,4.451717376708984
107,0.7515785098075867,120,4.451717376708984
108,0.006792628206312656,121,4.451717376708984
109,0.023886146023869514,120,4.451717376708984
110,0.30101221799850464,120,4.451717376708984
111,0.14354799687862396,119,4.451717376708984
112,0.25973066687583923,120,4.451717376708984
113,0.027496792376041412,120,4.451717376708984
114,0.7097809314727783,121,4.451717376708984
115,1.098461627960205,120,4.451717376708984
116,0.23179908096790314,118,4.451717376708984
117,0.07627765089273453,120,4.451717376708984
118,0.2762353718280792,129,4.451717376708984
119,0.033821072429418564,121,4.451717376708984
120,0.1440628618001938,121,4.451717376708984
121,0.3800449073314667,120,4.451717376708984
122,0.5017327070236206,121,4.451717376708984
123,0.5348277688026428,124,4.451717376708984
124,0.17578859627246857,123,4.451717376708984
125,0.07613112032413483,121,4.451717376708984
126,0.010277054272592068,118,4.451717376708984
127,0.02368665486574173,118,4.451717376708984
128,0.02681475691497326,120,4.451717376708984
129,0.03377482667565346,118,4.451717376708984
130,0.1750694066286087,119,4.451717376708984
131,0.38299036026000977,120,4.451717376708984
132,0.060400158166885376,118,4.451717376708984
133,0.501028299331665,118,4.451717376708984
134,0.5676102042198181,119,4.451717376708984
135,0.17517966032028198,120,4.451717376708984
136,0.07557336986064911,119,4.451717376708984
137,0.02997097186744213,119,4.451717376708984
138,0.15896211564540863,120,4.451717376708984
139,0.2321927547454834,120,4.451717376708984
140,0.016429172828793526,122,4.451717376708984
141,0.030039416626095772,117,4.451717376708984
142,0.2997771203517914,119,4.451717376708984
143,0.02193300426006317,134,4.451717376708984
144,0.026639563962817192,119,4.451717376708984
145,0.004347894340753555,125,4.451717376708984
146,0.501427948474884,122,4.451717376708984
147,0.5089360475540161,121,4.451717376708984
148,0.07571838051080704,119,4.451717376708984
149,0.4383583068847656,118,4.451717376708984
150,0.17520105838775635,117,4.451717376708984
151,0.014672540128231049,120,4.451717376708984
152,0.03056970238685608,124,4.451717376708984
153,0.33252865076065063,121,4.451717376708984
154,0.008955788798630238,118,4.451717376708984
155,0.13425718247890472,120,4.451717376708984
156,0.02368842251598835,118,4.451717376708984
157,0.033762577921152115,123,4.451717376708984
158,0.004880913998931646,119,4.451717376708984
159,1.6691545248031616,119,4.451717376708984
160,0.0048725660890340805,119,4.451717376708984
161,1.710532546043396,121,4.451717376708984
162,0.07554446160793304,117,4.451717376708984
163,1.016550898551941,119,4.451717376708984
164,0.21124248206615448,118,4.451717376708984
165,0.00043646316044032574,119,4.451717376708984
166,0.43844833970069885,120,4.451717376708984
167,0.007071392610669136,121,4.451717376708984
168,0.482001930475235,121,4.451717376708984
169,0.13413071632385254,121,4.451717376708984
170,0.04272456467151642,118,4.451717376708984
171,0.030760005116462708,127,4.451717376708984
172,0.016506453976035118,121,4.451717376708984
173,0.5678508877754211,127,4.451717376708984
174,0.021108901128172874,121,4.451717376708984
175,0.0003780449042096734,121,4.451717376708984
176,0.4383448660373688,121,4.451717376708984
177,0.06518959999084473,121,4.451717376708984
178,0.016223439946770668,120,4.451717376708984
179,0.14735576510429382,121,4.451717376708984
180,0.01699758879840374,121,4.451717376708984
181,0.0019540011417120695,126,4.451717376708984
182,0.020829858258366585,119,4.451717376708984
183,1.6278268098831177,119,4.451717376708984
184,0.0022312270011752844,117,4.451717376708984
185,0.011494800448417664,119,4.451717376708984
186,0.009161807596683502,117,4.451717376708984
187,0.0008714888244867325,117,4.451717376708984
188,0.012822139076888561,119,4.451717376708984
189,0.04811577871441841,121,4.451717376708984
190,0.0020417317282408476,117,4.451717376708984
191,0.019446279853582382,126,4.451717376708984
192,0.1923934817314148,121,4.451717376708984
193,0.6731011867523193,119,4.451717376708984
194,0.014718937687575817,121,4.451717376708984
195,0.002972949296236038,119,4.451717376708984
196,0.8993543982505798,126,4.451717376708984
197,0.003066884120926261,125,4.451717376708984
198,0.006987346336245537,118,4.451717376708984
199,0.1937766671180725,121,4.451717376708984
200,0.00017763790674507618,118,4.451717376708984
201,0.0003023256722372025,118,4.451717376708984
202,0.0482131727039814,120,4.451717376708984
203,0.001169255468994379,117,4.451717376708984
204,0.012830104678869247,124,4.451717376708984
205,1.7518463134765625,119,4.451717376708984
206,1.9596909284591675,120,4.451717376708984
207,1.7934473752975464,118,4.451717376708984
208,0.053813230246305466,121,4.451717376708984
209,0.002053803764283657,125,4.451717376708984
210,0.001842349418438971,118,4.451717376708984
211,0.5340669751167297,121,4.451717376708984
212,0.4081602096557617,120,4.451717376708984
213,0.010608765296638012,126,4.451717376708984
214,0.00872558169066906,126,4.451717376708984
215,0.0014506737934425473,121,4.451717376708984
216,0.05456162616610527,126,4.451717376708984
217,0.002341281855478883,122,4.451717376708984
218,0.1437608152627945,122,4.451717376708984
219,0.00272218300960958,126,4.451717376708984
220,1.3804770708084106,119,4.451717376708984
221,0.0012710398295894265,125,4.451717376708984
222,0.4381343126296997,120,4.451717376708984
223,0.0185087937861681,121,4.451717376708984
224,1.834911823272705,118,4.451717376708984
225,0.004821560345590115,119,4.451717376708984
226,0.020976098254323006,120,4.451717376708984
227,0.05847309157252312,121,4.451717376708984
228,0.0006165598169900477,126,4.451717376708984
229,0.004517662804573774,124,4.451717376708984
230,0.00048632125253789127,126,4.451717376708984
231,0.001424314919859171,122,4.451717376708984
232,1.421554684638977,118,4.451717376708984
233,0.00036649397225119174,125,4.451717376708984
234,0.009504868648946285,129,4.451717376708984
235,0.0027230987325310707,117,4.451717376708984
236,0.023455003276467323,119,4.451717376708984
237,0.005196308717131615,121,4.451717376708984
238,0.003492998192086816,117,4.451717376708984
239,1.8766123056411743,120,4.451717376708984
240,0.006148543208837509,119,4.451717376708984
241,0.0008013523765839636,126,4.451717376708984
242,0.0004336514393799007,121,4.451717376708984
243,2.043329954147339,120,4.451717376708984
244,1.876656174659729,120,4.451717376708984
245,0.0006628567934967577,117,4.451717376708984
246,0.8598739504814148,121,4.451717376708984
247,0.00048503754078410566,126,4.451717376708984
248,0.011315897107124329,119,4.451717376708984
249,0.0016153441974893212,119,4.451717376708984
250,1.9182358980178833,120,4.451717376708984
251,0.8599888682365417,121,4.451717376708984
252,0.7095409035682678,119,4.451717376708984
253,1.3804430961608887,119,4.451717376708984
254,0.023478947579860687,117,4.451717376708984
255,0.0003156037419103086,125,4.451717376708984
256,0.2114136815071106,120,4.451717376708984
257,0.0003453402314335108,126,4.451717376708984
258,1.339624285697937,119,4.451717376708984
259,0.0038107503205537796,118,4.451717376708984
260,0.9771302342414856,121,4.451717376708984
261,0.008689492009580135,120,4.451717376708984
262,0.5341419577598572,123,4.451717376708984
263,0.009045922197401524,119,4.451717376708984
264,0.14345020055770874,117,4.451717376708984
265,0.0007324584294110537,121,4.451717376708984
266,0.010117779485881329,118,4.451717376708984
267,0.001286933314986527,118,4.451717376708984
268,0.4122875928878784,120,4.451717376708984
269,0.8216924667358398,120,4.451717376708984
270,0.0006004439783282578,126,4.451717376708984
271,1.1768814325332642,119,4.451717376708984
272,0.003585499944165349,118,4.451717376708984
273,0.9377041459083557,118,4.451717376708984
274,0.00038546809810213745,125,4.451717376708984
275,0.0847959890961647,121,4.451717376708984
276,0.3006622791290283,120,4.451717376708984
277,0.02986828237771988,119,4.451717376708984
278,0.5369723439216614,120,4.451717376708984
279,0.048341285437345505,121,4.451717376708984
280,0.05885317921638489,121,4.451717376708984
281,0.09401144832372665,118,4.451717376708984
282,0.46986058354377747,121,4.451717376708984
283,0.047987136989831924,119,4.451717376708984
284,0.35623976588249207,120,4.451717376708984
285,0.0016185037093237042,126,4.451717376708984
286,0.08539231866598129,119,4.451717376708984
287,0.00019084388623014092,125,4.451717376708984
288,0.007983692921698093,117,4.451717376708984
289,0.08439335972070694,117,4.451717376708984
290,0.013349835760891438,124,4.451717376708984
291,0.01639704965054989,117,4.451717376708984
292,0.008053351193666458,118,4.451717376708984
293,0.6027880311012268,121,4.451717376708984
294,0.042895179241895676,124,4.451717376708984
295,0.004228724632412195,121,4.451717376708984
296,0.10522913187742233,120,4.451717376708984
297,5.45149996469263e-05,125,4.451717376708984
298,0.673035204410553,119,4.451717376708984
299,1.5040456056594849,121,4.451717376708984
300,0.3028252422809601,120,4.451717376708984
301,0.006322775036096573,117,4.451717376708984
302,0.19318978488445282,120,4.451717376708984
303,1.0166891813278198,120,4.451717376708984
304,0.016325246542692184,117,4.451717376708984
305,0.0007115890621207654,119,4.451717376708984
306,0.0029577764216810465,118,4.451717376708984
307,0.23222243785858154,120,4.451717376708984
308,0.33249837160110474,121,4.451717376708984
309,0.007172360550612211,123,4.451717376708984
310,0.008583069778978825,120,4.451717376708984
311,0.005447459872812033,126,4.451717376708984
312,0.0018339849775657058,119,4.451717376708984
313,0.15855269134044647,124,4.451717376708984
314,0.00013591501920018345,128,4.451717376708984
315,0.09415176510810852,120,4.451717376708984
316,0.3282586336135864,120,4.451717376708984
317,0.0013659760588780046,125,4.451717376708984
318,1.7933897972106934,119,4.451717376708984
319,0.016366703435778618,121,4.451717376708984
320,0.854719340801239,121,4.451717376708984
321,0.0007553012110292912,117,4.451717376708984
322,0.00012030271318508312,125,4.451717376708984
323,0.00037032036925666034,117,4.451717376708984
324,0.00023931573377922177,118,4.451717376708984
325,0.0018574263667687774,125,4.451717376708984
326,0.1093585416674614,121,4.451717376708984
327,0.00041465461254119873,117,4.451717376708984
328,0.00022824636835139245,118,4.451717376708984
329,0.0005497090169228613,128,4.451717376708984
330,0.19248874485492706,120,4.451717376708984
331,0.00042346163536421955,119,4.451717376708984
332,0.0006124487263150513,119,4.451717376708984
333,0.002601669169962406,120,4.451717376708984
334,0.0008503272547386587,118,4.451717376708984
335,0.0029840879142284393,123,4.451717376708984
336,0.00030162770417518914,127,4.451717376708984
337,1.2985683679580688,118,4.451717376708984
338,2.0008840560913086,118,4.451717376708984
339,0.0008700948092155159,119,4.451717376708984
340,0.10899551957845688,121,4.451717376708984
341,1.4625555276870728,119,4.451717376708984
342,0.0005992317455820739,118,4.451717376708984
343,1.7104521989822388,118,4.451717376708984
344,8.570204954594374e-05,126,4.451717376708984
345,0.0027480032294988632,120,4.451717376708984
346,0.0002196354907937348,125,4.451717376708984
347,0.5010895133018494,121,4.451717376708984
348,0.0014005996054038405,121,4.451717376708984
349,0.018463442102074623,119,4.451717376708984
350,0.9374146461486816,119,4.451717376708984
351,0.40822723507881165,122,4.451717376708984
352,0.1584751009941101,121,4.451717376708984
353,0.1294999122619629,119,4.451717376708984
354,4.879313928540796e-05,127,4.451717376708984
355,0.3792697489261627,120,4.451717376708984
356,0.00017555752128828317,128,4.451717376708984
357,0.0001669349876465276,125,4.451717376708984
358,0.37941351532936096,121,4.451717376708984
359,0.002432966371998191,117,4.451717376708984
360,0.0023151941131800413,118,4.451717376708984
361,0.40837562084198,120,4.451717376708984
362,0.08069498836994171,121,4.451717376708984
363,0.7462995648384094,122,4.451717376708984
364,0.011372633278369904,118,4.451717376708984
365,0.30012038350105286,120,4.451717376708984
366,0.7093411087989807,120,4.451717376708984
367,0.003057668684050441,117,4.451717376708984
368,0.0005011171451769769,125,4.451717376708984
369,0.5340560078620911,120,4.451717376708984
370,0.010192868299782276,117,4.451717376708984
371,0.104828380048275,122,4.451717376708984
372,0.018514476716518402,122,4.451717376708984
373,0.04252322018146515,119,4.451717376708984
374,0.005754860583692789,121,4.451717376708984
375,0.09884701669216156,121,4.451717376708984
376,0.43800869584083557,120,4.451717376708984
377,0.053695350885391235,120,4.451717376708984
378,0.037748854607343674,119,4.451717376708984
379,0.0001942572562256828,124,4.451717376708984
380,0.01853727549314499,121,4.451717376708984
381,0.0015057598939165473,117,4.451717376708984
382,0.004446055274456739,121,4.451717376708984
383,0.7462978959083557,121,4.451717376708984
384,0.0020489830058068037,121,4.451717376708984
385,0.003894975408911705,117,4.451717376708984
386,0.003299726638942957,121,4.451717376708984
387,0.004296290688216686,122,4.451717376708984
388,0.004795562010258436,122,4.451717376708984
389,8.899960812414065e-05,126,4.451717376708984
390,1.056092381477356,119,4.451717376708984
391,8.935646474128589e-05,126,4.451717376708984
392,0.006140728946775198,121,4.451717376708984
393,0.04784082993865013,122,4.451717376708984
394,0.000968263833783567,121,4.451717376708984
395,0.567516028881073,120,4.451717376708984
396,0.004899922292679548,118,4.451717376708984
397,0.9767227172851562,119,4.451717376708984
398,0.0006987939705140889,126,4.451717376708984
399,1.5867468118667603,120,4.451717376708984
400,0.0184642281383276,124,4.451717376708984
401,0.8215525150299072,120,4.451717376708984
402,0.0009883232414722443,121,4.451717376708984
403,0.014457549899816513,121,4.451717376708984
404,0.0012844271259382367,117,4.451717376708984
405,0.0018151579424738884,121,4.451717376708984
406,0.0033315951004624367,122,4.451717376708984
407,0.003501684870570898,121,4.451717376708984
408,0.06011345982551575,121,4.451717376708984
409,0.158366397023201,123,4.451717376708984
410,0.002920805476605892,122,4.451717376708984
411,0.0004049575363751501,128,4.451717376708984
412,0.007897773757576942,118,4.451717376708984
413,0.003518472658470273,121,4.451717376708984
414,0.2155584692955017,120,4.451717376708984
415,0.0603192038834095,120,4.451717376708984
416,0.047652896493673325,125,4.451717376708984
417,0.0002822158276103437,126,4.451717376708984
418,1.1766626834869385,119,4.451717376708984
419,0.12941698729991913,120,4.451717376708984
420,0.29973843693733215,121,4.451717376708984
421,7.986155105754733e-05,126,4.451717376708984
422,0.37928906083106995,121,4.451717376708984
423,0.821429431438446,125,4.451717376708984
424,1.1370056867599487,120,4.451717376708984
425,0.00037256372161209583,129,4.451717376708984
426,0.07565279304981232,121,4.451717376708984
427,0.4719470739364624,120,4.451717376708984
428,0.018513446673750877,120,4.451717376708984
429,0.3248186409473419,121,4.451717376708984
430,0.001275057322345674,125,4.451717376708984
431,0.8986395001411438,122,4.451717376708984
432,0.047690536826848984,119,4.451717376708984
433,0.00015056920528877527,124,4.451717376708984
434,8.605889161117375e-05,126,4.451717376708984
435,1.3907517313782591e-05,125,4.451717376708984
436,4.756175258080475e-05,126,4.451717376708984
437,4.2793661123141646e-05,126,4.451717376708984
438,4.517805064097047e-05,124,4.451717376708984
439,0.01450673770159483,121,4.451717376708984
440,0.0002378978388151154,120,4.451717376708984
441,0.07560260593891144,120,4.451717376708984
442,0.7091789245605469,121,4.451717376708984
443,0.0005212576361373067,135,4.454071998596191
444,2.0106152078369632e-05,125,4.454071998596191
445,0.003602570155635476,120,4.454071998596191
446,0.1433611512184143,120,4.454071998596191
447,0.029369693249464035,121,4.454071998596191
448,0.010993994772434235,120,4.454071998596191
449,0.004272398538887501,119,4.454071998596191
450,0.00045360453077591956,117,4.454071998596191
451,1.4821417607890908e-05,125,4.454071998596191
452,0.4712940454483032,120,4.454071998596191
453,0.029948661103844643,121,4.454071998596191
454,0.005445869639515877,125,4.454071998596191
455,0.5011560916900635,120,4.454071998596191
456,0.8597639203071594,120,4.454071998596191
457,0.006912207696586847,119,4.454071998596191
458,0.158598855137825,121,4.454071998596191
459,0.012946609407663345,120,4.454071998596191
460,0.006959995720535517,122,4.454071998596191
461,0.11629194021224976,119,4.454071998596191
462,0.7462218403816223,122,4.454071998596191
463,0.3792853355407715,130,4.454071998596191
464,0.0005486299633048475,118,4.454071998596191
465,0.020735137164592743,119,4.454071998596191
466,5.876547584193759e-05,125,4.454071998596191
467,0.7836243510246277,120,4.454071998596191
468,0.026576699689030647,120,4.454071998596191
469,8.98032340046484e-06,124,4.454071998596191
470,0.05363565683364868,130,4.454071998596191
471,0.30314332246780396,120,4.454071998596191
472,9.436287655262277e-05,125,4.454071998596191
473,1.537771640869323e-05,120,4.454071998596191
474,0.0015694816829636693,119,4.454071998596191
475,0.4282904267311096,121,4.454071998596191
476,0.05359610542654991,121,4.454071998596191
477,0.0006905850605107844,125,4.454071998596191
478,0.0037349052727222443,122,4.454071998596191
479,0.027092548087239265,121,4.454071998596191
480,0.018465681001544,125,4.454071998596191
481,0.11973188072443008,120,4.454071998596191
482,7.334643305512145e-05,134,4.454071998596191
483,0.1463102400302887,120,4.454071998596191
484,0.02039417251944542,121,4.454071998596191
485,0.06018045172095299,120,4.454071998596191
486,1.4225412996893283e-05,126,4.454071998596191
487,0.9375619888305664,120,4.454071998596191
488,1.1126096069347113e-05,125,4.454071998596191
489,1.8762540817260742,118,4.454071998596191
490,0.01141255721449852,121,4.454071998596191
491,0.0009591550915502012,119,4.454071998596191
492,0.4803485870361328,121,4.454071998596191
493,0.1746482104063034,122,4.454071998596191
494,0.03145304322242737,120,4.454071998596191
495,0.0005253865383565426,119,4.454071998596191
496,1.8762763738632202,119,4.454071998596191
497,0.1326896846294403,121,4.454071998596191
498,0.0014041564427316189,120,4.454071998596191
499,1.2579036951065063,119,4.454071998596191
500,1.156316193373641e-05,125,4.454071998596191
501,8.618194988230243e-05,121,4.454071998596191
502,0.006926622707396746,121,4.454071998596191
503,0.06484348326921463,120,4.454071998596191
504,5.165713901078561e-06,125,4.454071998596191
505,0.5009349584579468,121,4.454071998596191
506,0.0005328782717697322,121,4.454071998596191
507,0.060182470828294754,120,4.454071998596191
508,0.7092716693878174,120,4.454071998596191
509,7.271706181199988e-06,126,4.454071998596191
510,0.00018429593183100224,118,4.454071998596191
511,3.78668300982099e-05,127,4.454071998596191
512,0.08405289053916931,122,4.454071998596191
513,0.0005915510118938982,120,4.454071998596191
514,0.04241210222244263,119,4.454071998596191
515,0.0264072697609663,119,4.454071998596191
516,0.0001017499016597867,120,4.454071998596191
517,0.018580352887511253,120,4.454071998596191
518,0.00038364678039215505,119,4.454071998596191
519,1.6092986697913148e-05,126,4.454071998596191
520,0.20871086418628693,121,4.454071998596191
521,0.00026368533144705,117,4.454071998596191
522,0.026790082454681396,123,4.454071998596191
523,0.03661435469985008,120,4.454071998596191
524,2.2410762539948337e-05,126,4.454071998596191
525,9.298216355091427e-06,127,4.454071998596191
526,0.00013910217967350036,118,4.454071998596191
527,0.40831443667411804,121,4.454071998596191
528,3.2501862049102783,122,4.454071998596191
529,0.05357362702488899,121,4.454071998596191
530,0.00016356009291484952,118,4.454071998596191
531,0.004772396292537451,122,4.454071998596191
532,0.13229985535144806,121,4.454071998596191
533,2.0008673667907715,119,4.454071998596191
534,1.927164339576848e-05,121,4.454071998596191
535,1.2516839888121467e-05,124,4.454071998596191
536,0.0002833602193277329,123,4.454071998596191
537,1.2834735571232159e-05,126,4.454071998596191
538,0.00033187514054588974,120,4.454071998596191
539,5.761752163380152e-06,126,4.454071998596191
540,0.024039076641201973,120,4.454071998596191
541,0.007220459636300802,120,4.454071998596191
542,1.0291655598848592e-05,125,4.454071998596191
543,2.6344632715336047e-05,124,4.454071998596191
544,0.0001266233593923971,118,4.454071998596191
545,0.33019357919692993,121,4.454071998596191
546,0.0054618604481220245,121,4.454071998596191
547,6.23808809905313e-05,135,4.454071998596191
548,0.0003793328069150448,118,4.454071998596191
549,0.00019390687521081418,118,4.454071998596191
550,0.40799689292907715,122,4.454071998596191
551,0.15810522437095642,121,4.454071998596191
552,0.007918638177216053,121,4.454071998596191
553,0.43820035457611084,121,4.454071998596191
554,0.01841043494641781,121,4.454071998596191
555,0.0009838175028562546,120,4.454071998596191
556,0.27544376254081726,120,4.454071998596191
557,0.00045801777741871774,118,4.454071998596191
558,0.00295277894474566,119,4.454071998596191
559,0.03669317066669464,121,4.454071998596191
560,1.2986539602279663,121,4.454071998596191
561,0.014330178499221802,121,4.454071998596191
562,0.5008519291877747,121,4.454071998596191
563,2.3753814697265625,118,4.454071998596191
564,2.9523185730795376e-05,126,4.454071998596191
565,0.6726006865501404,121,4.454071998596191
566,0.018436415120959282,121,4.454071998596191
567,0.000278683437500149,119,4.454071998596191
568,3.3416759833926335e-05,120,4.454071998596191
569,0.007869532331824303,120,4.454071998596191
570,2.9841341529390775e-05,126,4.454071998596191
571,0.00022345645993482322,118,4.454071998596191
572,0.4692573845386505,123,4.454071998596191
573,0.07528549432754517,126,4.454071998596191
574,0.00023861222143750638,121,4.454071998596191
575,0.0014144056476652622,125,4.454071998596191
576,0.0014164958847686648,121,4.454071998596191
577,0.002281593857333064,120,4.454071998596191
578,0.0009633614681661129,119,4.454071998596191
579,0.002042574342340231,117,4.454071998596191
580,0.0030144318006932735,121,4.454071998596191
581,3.162885695928708e-05,119,4.454071998596191
582,0.002580434549599886,119,4.454071998596191
583,0.8985705375671387,119,4.454071998596191
584,1.5038084983825684,119,4.454071998596191
585,0.018551940098404884,119,4.454071998596191
586,0.0011534788645803928,121,4.454071998596191
587,0.0003892764507327229,121,4.454071998596191
588,0.8215413093566895,120,4.454071998596191
589,6.397529887181008e-06,125,4.454071998596191
590,0.06725809723138809,120,4.454071998596191
591,0.0018234854796901345,121,4.454071998596191
592,0.0754615068435669,121,4.454071998596191
593,1.0965543985366821,120,4.454071998596191
594,1.0768478205136489e-05,124,4.454071998596191
595,1.7517890930175781,122,4.454071998596191
596,1.235790205100784e-05,125,4.454071998596191
597,1.2579249143600464,119,4.454071998596191
598,9.218787454301491e-06,127,4.454071998596191
599,7.744064350845292e-05,133,4.454071998596191
600,0.00999540090560913,121,4.454071998596191
601,0.019655194133520126,120,4.454071998596191
602,1.0163002014160156,121,4.454071998596191
603,0.12930051982402802,120,4.454071998596191
604,0.012778867967426777,126,4.454071998596191
605,0.00032726963399909437,121,4.454071998596191
606,9.404318552697077e-05,121,4.454071998596191
607,0.8597617745399475,119,4.454071998596191
608,0.06006254255771637,118,4.454071998596191
609,6.07964602750144e-06,125,4.454071998596191
610,0.8985002040863037,124,4.454071998596191
611,8.463804988423362e-06,127,4.454071998596191
612,0.010001792572438717,119,4.454071998596191
613,0.0011641564778983593,121,4.454071998596191
614,0.011129782535135746,120,4.454071998596191
615,0.0029565291479229927,117,4.454071998596191
616,0.19242455065250397,120,4.454071998596191
617,0.004780297167599201,118,4.454071998596191
618,3.774948709178716e-06,126,4.454071998596191
619,0.025496572256088257,120,4.454071998596191
620,0.0028271020855754614,121,4.454071998596191
621,9.218787454301491e-06,126,4.454071998596191
622,0.012798932380974293,121,4.454071998596191
623,1.9112949303234927e-05,125,4.454071998596191
624,0.014487008564174175,119,4.454071998596191
625,0.0054014562629163265,120,4.454071998596191
626,0.0004339785373304039,118,4.454071998596191
627,7.867759450164158e-06,128,4.454071998596191
628,0.438057541847229,121,4.454071998596191
629,4.688583067036234e-05,122,4.454071998596191
630,0.00037718054954893887,117,4.454071998596191
631,0.006246564444154501,118,4.454071998596191
632,1.0163451433181763,125,4.454071998596191
633,0.37933149933815,120,4.454071998596191
634,0.008851585909724236,118,4.454071998596191
635,0.2260458767414093,121,4.454071998596191
636,0.06727734208106995,120,4.454071998596191
637,0.026488250121474266,120,4.454071998596191
638,8.375418110517785e-05,121,4.454071998596191
639,0.10836846381425858,121,4.454071998596191
640,6.477004262706032e-06,127,4.454071998596191
641,0.0009516733116470277,120,4.454071998596191
642,1.0960992574691772,118,4.454071998596191
643,1.5059927136462647e-05,126,4.454071998596191
644,1.4066547009861097e-05,122,4.454071998596191
645,3.496796807667124e-06,126,4.454071998596191
646,2.654331001394894e-05,126,4.454071998596191
647,0.672779381275177,122,4.454071998596191
648,0.5336645841598511,118,4.454071998596191
649,0.0012245503021404147,119,4.454071998596191
650,0.002462542848661542,121,4.454071998596191
651,2.3444442831532797e-06,126,4.454071998596191
652,0.0010949921561405063,121,4.454071998596191
653,0.0061351158656179905,120,4.454071998596191
654,1.1363818645477295,119,4.454071998596191
655,1.1841344530694187e-05,128,4.454071998596191
656,0.001390080084092915,120,4.454071998596191
657,1.3806604146957397,119,4.454071998596191
658,0.00025244985590688884,118,4.454071998596191
659,7.271726644830778e-06,120,4.454071998596191
660,7.073046162986429e-06,120,4.454071998596191
661,0.06728597730398178,119,4.454071998596191
662,0.19408822059631348,120,4.454071998596191
663,3.2083749771118164,120,4.454071998596191
664,0.000980661017820239,121,4.454071998596191
665,0.0006975380820222199,117,4.454071998596191
666,0.002791443606838584,121,4.454071998596191
667,0.000996329472400248,117,4.454071998596191
668,0.026444843038916588,118,4.454071998596191
669,0.8233375549316406,121,4.454071998596191
670,0.00012161181803094223,121,4.454071998596191
671,0.5009601712226868,120,4.454071998596191
672,3.774949846047093e-06,125,4.454071998596191
673,0.05358869209885597,118,4.454071998596191
674,3.4291089832549915e-05,128,4.454071998596191
675,0.0336630679666996,126,4.454071998596191
676,0.0425017774105072,126,4.454071998596191
677,1.2397636055538896e-05,120,4.454071998596191
678,0.06029725447297096,120,4.454071998596191
679,1.6689566373825073,121,4.454071998596191
680,1.0961226224899292,120,4.454071998596191
681,0.0014588091289624572,117,4.454071998596191
682,2.6251444816589355,120,4.454071998596191
683,0.00022732526122126728,121,4.454071998596191
684,0.5673624277114868,121,4.454071998596191
685,1.878461480140686,121,4.454071998596191
686,0.0010006336960941553,120,4.454071998596191
687,0.2111750841140747,120,4.454071998596191
688,3.190756251569837e-05,127,4.454071998596191
689,0.00028935266891494393,121,4.454071998596191
690,0.0008106036693789065,130,4.454071998596191
691,1.2357879313640296e-05,126,4.454071998596191
692,0.006903958041220903,121,4.454071998596191
693,1.5449823141098022,119,4.454071998596191
694,2.372218841628637e-05,127,4.454071998596191
695,1.056111454963684,119,4.454071998596191
696,3.0715113098267466e-05,120,4.454071998596191
697,1.6847900042193942e-05,126,4.454071998596191
698,0.006995037663727999,120,4.454071998596191
699,0.7836966514587402,121,4.454071998596191
700,0.14340905845165253,120,4.454071998596191
701,0.012843283824622631,120,4.454071998596191
702,0.01140179019421339,119,4.454071998596191
703,0.7836490273475647,119,4.454071998596191
704,0.6017255187034607,119,4.454071998596191
705,0.0003786679299082607,118,4.454071998596191
706,0.011385105550289154,121,4.454071998596191
707,0.011822131462395191,120,4.454071998596191
708,0.002967541804537177,117,4.454071998596191
709,0.00029678430291824043,120,4.454071998596191
710,0.007882209494709969,121,4.454071998596191
711,3.456909689703025e-05,125,4.454071998596191
712,0.4378011226654053,122,4.454071998596191
713,0.0005573881207965314,121,4.454071998596191
714,0.0048100920394063,120,4.454071998596191
715,0.53361976146698,118,4.454071998596191
716,0.4693927764892578,120,4.454071998596191
717,0.0012441464932635427,122,4.454071998596191
718,0.0023024380207061768,122,4.454071998596191
719,0.03001708723604679,119,4.454071998596191
720,0.0028053049463778734,121,4.454071998596191
